Size,CUBLAS_GFLOPS,MySGEMM_FLOPS,Matched,Ratio
256,256.05,0.0513155,1,0.000200412
512,316.348,0.370942,1,0.00117257
768,299.79,1.09902,1,0.00366597
